Player,Team,Pos,G,MP,PER,TS%,eFG%,3PAr,FTr,ORB%,TRB%,AST%,STL%,BLK%,TOV%,USG%,ORtg,DRtg,OWS,DWS,WS,WS/40,Salary,Seas_Played,Plyd_2024,Awards_2024
Aaliyah Edwards,TOT,F,36,534,13,0.504,0.448,0.058,0.565,10.5,15,6.6,2.2,2.5,17.6,20,95,106,-0.2,0.6,0.4,0.033,74909,2,1,0
Aaliyah Nye,LVA,G-F,44,671,5.7,0.473,0.453,0.69,0.099,2.6,5.7,5.5,1,1.2,13.1,14,91,109,-0.4,0.4,0,0.002,69267,1,0,0
Aari McDonald,IND,G,20,525,14,0.555,0.506,0.506,0.331,2,5.4,27.3,2.4,0.5,20.7,19,106,106,0.7,0.6,1.4,0.104,58792,5,1,0
Aerial Powers,TOT,G,10,167,16.2,0.504,0.469,0.292,0.292,7.1,14.1,19.5,2.5,0.5,13,22.7,104,102,0.2,0.3,0.5,0.117,25173,8,1,0
A'ja Wilson,LVA,C,40,1247,33.4,0.596,0.524,0.09,0.441,8.5,19.1,20.6,2.7,6.4,10,31.9,119,96,6.2,3.3,9.5,0.304,200000,8,1,1
Ajae Petty,DAL,F,2,6,-0.9,,,,,0,9.6,0,0,0,,0,,116,0,0,0,-0.01,4165,1,0,0
Alanna Smith,MIN,F,42,1114,18.1,0.563,0.565,0.488,0.197,7.1,11.4,16.5,2.6,6.6,15.3,17.5,110,96,1.9,2.9,4.8,0.172,150000,7,1,0
Alexis Prince,PHO,F,1,22,-1.6,0.333,0.333,0.333,0,0,20.8,6.5,0,0,50,12.3,40,100,-0.1,0,-0.1,-0.139,3975,2,0,0
Alissa Pili,TOT,F,19,99,12.4,0.621,0.536,0.429,0.536,4.9,11.4,4.5,1.1,0.9,18.8,19.6,107,104,0.1,0.1,0.3,0.111,59980,2,1,0
Aliyah Boston,IND,C-F,44,1327,22.8,0.58,0.544,0.058,0.292,9.6,16.5,21.3,2,2.8,12.5,21.9,118,101,4.6,2.5,7.1,0.215,83371,3,1,0
Allisha Gray,ATL,G,42,1451,19.7,0.598,0.54,0.467,0.419,3,9.1,17.5,1.6,0.9,10.3,22.8,119,102,5.2,2.5,7.7,0.212,190000,8,1,0
Alysha Clark,TOT,F,42,828,7.1,0.478,0.453,0.604,0.164,2.3,8.6,9.3,1.6,0.4,11.4,10.7,98,106,0.1,1,1.1,0.051,205908,7,1,0
Alyssa Thomas,PHO,F,39,1221,25.2,0.568,0.532,0.013,0.373,5.9,16.1,53.6,2.6,1.3,20.4,24.4,114,98,4.1,2.8,6.9,0.225,215000,8,1,0
Amy Okonkwo,DAL,F,8,157,21.9,0.63,0.574,0.492,0.328,4.9,9.1,6.8,3.6,0.6,9.1,21.3,121,109,0.5,0.1,0.7,0.167,10689,1,0,0
Anastasiia Kosu,MIN,F,21,80,13.6,0.492,0.448,0.069,0.517,15.2,11.1,9.8,0.7,4.6,16.4,24.5,99,105,0,0.1,0.1,0.068,69267,1,0,0
Aneesah Morrow,CON,F,41,775,15,0.461,0.405,0.251,0.318,12.4,21.7,5,2.1,2.3,11.7,22.6,95,106,-0.2,0.9,0.7,0.034,75643,1,0,0
Angel Reese,CHI,F,30,947,19.9,0.537,0.464,0.066,0.515,15.4,23.4,21.5,2.4,2,22.4,25,101,105,0.7,1.2,1.9,0.079,74909,2,1,0
Ariel Atkins,CHI,G,34,970,16,0.551,0.503,0.326,0.255,2.8,6.9,23.5,2.8,2.3,17.1,22.7,103,110,1.1,0.5,1.6,0.065,200000,8,1,0
Arike Ogunbowale,DAL,G,29,966,13.3,0.494,0.423,0.391,0.287,1.1,4.3,20.7,2,0.7,11.6,23.2,102,114,0.8,0,0.8,0.032,249032,7,1,0
Aziaha James,DAL,G,38,673,12.5,0.462,0.43,0.394,0.194,5.9,9.5,14.7,1.8,1,11,22.4,97,113,0,0.1,0.1,0.003,72455,1,0,0
Azura Stevens,LAS,F-C,44,1249,20.2,0.596,0.564,0.454,0.234,7.2,16.9,12.6,2.2,3.5,12,19.2,115,106,3.2,1.5,4.7,0.151,195000,8,1,0
Breanna Stewart,NYL,F,31,948,23.7,0.57,0.487,0.213,0.495,4,12.4,21,2.3,4,10.8,27.2,113,100,2.9,2,4.9,0.205,222400,8,1,0
Bree Hall,TOT,G,4,17,-16.6,0.237,0.2,0.4,0.6,0,10.4,0,0,0,32.2,25.3,33,106,-0.2,0,-0.2,-0.421,21101,1,0,0
Bria Hartley,CON,G,38,867,10.5,0.505,0.454,0.502,0.314,1.5,5.2,23.8,1.7,0,17.1,21.1,97,115,0,-0.1,-0.2,-0.007,78831,6,0,0
Brianna Turner,IND,F-C,27,233,7.5,0.422,0.406,0.031,0.25,9.2,13,10,0.4,3.1,20.2,8.6,101,106,0.1,0.3,0.3,0.056,85000,7,1,0
Bridget Carleton,MIN,F,44,1227,10,0.538,0.526,0.665,0.098,3.9,7.7,10.1,1.6,0.9,11.1,11.2,112,104,1.6,1.8,3.4,0.11,125000,5,1,0
Brionna Jones,ATL,F,44,1169,22.6,0.581,0.541,0.108,0.309,14,16.1,14.6,2.2,2.6,11.7,21.6,119,99,4.2,2.6,6.8,0.234,214466,8,1,0
Brittney Griner,ATL,C,39,810,16.1,0.564,0.527,0.063,0.282,5.4,14.8,7.3,0.3,5,14.8,22.6,102,100,0.7,1.7,2.4,0.117,214466,9,1,0
Brittney Sykes,TOT,G,39,1194,13.4,0.497,0.415,0.223,0.479,2,6.3,22.8,2.1,1.1,15,25.1,97,106,0,1.4,1.4,0.046,195000,9,1,0
Caitlin Clark,IND,G,13,404,16.5,0.491,0.441,0.531,0.255,0.3,9.8,47.2,2.7,1.6,23.2,31.5,94,102,-0.3,0.7,0.5,0.045,78066,2,1,1
Cameron Brink,LAS,F,19,244,15.3,0.526,0.488,0.415,0.256,13,20.1,6,2.1,9.8,21.5,21.3,94,102,-0.1,0.4,0.3,0.055,78066,2,1,0
Camryn Taylor,MIN,F,6,23,-9.7,0.19,0.214,0.429,0.286,10.6,15.5,5.7,0,0,27.6,21.7,46,105,-0.2,0,-0.2,-0.283,19610,1,0,0
Carla Leite,GSV,G,37,637,11.5,0.505,0.417,0.338,0.446,1.7,4.4,22.4,2.2,0.5,17.7,23.6,97,105,0,0.8,0.8,0.051,72455,1,0,0
Cecilia Zandalasini,GSV,F,19,450,15.6,0.606,0.57,0.607,0.213,1.3,7.3,13.9,2.1,0.9,13.2,19.6,111,103,0.8,0.7,1.6,0.139,100000,3,1,0
Chelsea Gray,LVA,G,44,1368,15.4,0.572,0.521,0.444,0.27,2.1,7.4,28.3,2.3,1.8,22.5,18.5,106,105,1.7,1.8,3.5,0.104,196267,7,1,0
Cheyenne Parker-Tyus,LVA,F,2,14,37.3,0.752,0.688,0.25,0.75,0,8.3,0,0,0,8.6,37.9,133,110,0.1,0,0.1,0.364,78831,7,1,0
Chloe Bibby,TOT,F,14,154,15,0.568,0.536,0.764,0.164,3.9,9.6,7.8,2.7,0.6,10.6,19.5,109,102,0.2,0.3,0.5,0.132,37204,1,0,0
Christyn Williams,DAL,G,4,45,8.7,0.456,0.406,0.25,0.375,4.9,5.1,10.8,0,0,5.1,19,103,120,0,0,0,-0.004,6802,2,0,0
Courtney Vandersloot,CHI,G,7,191,15.4,0.516,0.477,0.348,0.197,1.2,6.8,35.3,3,1,19.2,20.9,101,110,0.1,0.1,0.2,0.049,185000,11,1,0
Courtney Williams,MIN,G,44,1260,17.9,0.496,0.478,0.257,0.091,2.2,10.2,35.6,2.3,1,14.3,25.7,104,100,1.8,2.6,4.4,0.138,180000,8,1,0
Crystal Bradford,LVA,F,4,24,7,0.333,0.333,0.333,0,9.7,12.2,6.3,4.3,0,14.3,13.3,80,101,0,0,0,0.007,16103,2,0,0
Damiris Dantas,IND,C-F,38,439,8.4,0.453,0.417,0.525,0.155,7.6,12.6,8.9,0.7,0.6,13,22.7,92,107,-0.3,0.4,0.1,0.01,100000,6,1,0
Dana Evans,LVA,G,44,777,10.8,0.488,0.456,0.367,0.193,1.2,3.5,20.5,1.1,0.6,11,19.7,101,110,0.4,0.4,0.8,0.043,89000,5,1,0
Dearica Hamby,LAS,F,44,1374,23.8,0.605,0.586,0.095,0.417,10,15.2,20,2.5,1.4,14.9,25.6,114,108,4.4,1.2,5.6,0.162,202000,7,1,1
DeWanna Bonner,TOT,F-G,33,778,15.2,0.551,0.486,0.467,0.335,4.2,10.2,7.8,1.8,1.1,8.7,18.6,111,104,1.4,1.2,2.6,0.134,136004,7,1,0
Diamond Miller,TOT,F,40,434,8.5,0.519,0.466,0.381,0.343,2.9,7,11,1.4,1.5,18.1,19.4,94,108,-0.1,0.4,0.2,0.021,83371,3,1,0
DiJonai Carrington,TOT,G-F,31,680,12.8,0.484,0.428,0.26,0.296,7.9,10.5,11.6,2.6,1.8,15.9,24.1,94,108,-0.3,0.6,0.3,0.016,200000,5,1,1
Dominique Malonga,SEA,C,42,600,20,0.566,0.559,0.068,0.194,10.5,19.5,11.3,1.5,4.2,14.4,25.5,102,99,0.6,1.3,1.9,0.126,78831,1,0,0
Elizabeth Kitley,LVA,C,12,98,1,0.314,0.304,0.043,0.087,4.7,10.1,1.5,2.1,5.4,22.7,14.4,59,102,-0.4,0.2,-0.2,-0.091,31827,1,0,0
Elizabeth Williams,CHI,C-F,43,906,17.2,0.502,0.48,0,0.248,10.4,14.5,16.3,1.8,4,13.4,20.8,102,109,0.7,0.6,1.3,0.059,100000,8,1,0
Emily Engstler,WAS,F,40,512,14.7,0.487,0.455,0.47,0.269,8.9,15.6,19.1,2.8,5.1,20.2,16.9,96,99,0,1.1,1.1,0.082,81079,4,1,0
Emma Cannon,LAS,F,21,213,13.6,0.636,0.619,0.571,0.365,6.3,10.7,6.2,2.4,0.4,18,18.7,107,110,0.3,0.1,0.4,0.076,116331,6,1,0
Emma Meesseman,NYL,F,17,440,22.8,0.65,0.616,0.132,0.233,6.2,11.5,23,2.5,2.7,17,22.2,115,102,1.3,0.8,2.1,0.192,75694,6,0,0
Erica Wheeler,SEA,G,44,1126,13.2,0.515,0.49,0.486,0.119,1.8,6.4,20.5,2.5,0.7,13.3,20.7,99,104,0.4,1.7,2.1,0.074,78831,7,1,0
Ezi Magbegor,SEA,F-C,44,1203,16.1,0.547,0.517,0.168,0.29,8.2,13.6,11.6,1.3,7.2,11.8,13.9,113,100,2.1,2.4,4.5,0.151,186000,7,1,0
Gabby Williams,SEA,F,44,1391,15.6,0.508,0.475,0.35,0.16,2,8.2,21.1,3.6,1.4,14.3,19.3,100,100,0.5,2.8,3.4,0.097,225000,8,1,0
Grace Berger,TOT,G,19,418,6.2,0.335,0.303,0.258,0.169,3.2,8.7,20.1,1.7,1.6,18,12.1,83,112,-0.6,0.1,-0.5,-0.046,30540,3,1,0
Hailey Van Lith,CHI,G,29,361,5.6,0.416,0.362,0.284,0.284,1.3,5,20.8,1.7,1,22.7,19.7,80,114,-0.9,0,-0.9,-0.102,72455,1,0,0
Haley Jones,TOT,F-G,28,594,11.4,0.501,0.484,0.207,0.186,3.3,9.5,17.7,1.8,3.5,19.1,18.4,93,110,-0.3,0.4,0,0.003,46645,3,1,0
Haley Peters,CON,F-G,33,380,5,0.388,0.354,0.476,0.159,7.5,11.6,10.6,1.5,0.8,20.1,13.1,83,113,-0.6,0.1,-0.5,-0.054,78831,6,0,0
Iliana Rupert,GSV,C,21,486,15.9,0.609,0.588,0.68,0.105,5.2,9.7,13,1.4,2.6,11.1,17.3,117,103,1.2,0.8,1.9,0.159,32207,4,1,0
Isabelle Harrison,NYL,F,34,360,17.2,0.546,0.5,0.112,0.321,9.9,14.3,11.9,2.9,0.5,13.1,22.6,106,101,0.5,0.7,1.2,0.135,78831,8,1,0
Jackie Young,LVA,G,44,1336,22.3,0.596,0.548,0.408,0.26,4.5,8.6,30.9,2.2,1.2,13.9,24.2,117,106,4.9,1.6,6.6,0.197,169950,7,1,0
Jacy Sheldon,TOT,G,30,708,12,0.593,0.567,0.511,0.14,3.6,4.8,13.8,2,0.8,14.1,14.1,112,114,1.1,-0.1,1,0.058,74909,2,1,0
Jade Melbourne,WAS,G,43,1008,7.4,0.496,0.458,0.422,0.324,2.1,4.9,20.2,1.3,0.8,21.9,15.1,93,109,-0.5,0.7,0.2,0.007,66710,3,1,0
Jaelyn Brown,CON,G-F,10,131,6.3,0.488,0.486,0.486,0.054,3.5,5.5,1.3,2,1.5,11.7,14.9,90,114,-0.1,0,-0.1,-0.027,42757,2,1,0
Janelle Salaün,GSV,F,36,973,12,0.523,0.493,0.475,0.171,3.9,11,8.7,1.2,0.3,12,21.2,99,104,0.3,1.4,1.8,0.073,66079,1,0,0
Jaylyn Sherrod,TOT,G,26,142,5.4,0.445,0.375,0.464,0.464,1.7,6.2,12.3,4,0,26.2,14.9,80,101,-0.3,0.3,0,0.001,84959,2,1,0
Jessica Shepard,MIN,F,40,835,21.1,0.634,0.638,0.005,0.498,13.4,20.9,19.4,1.2,0.4,18.7,17.1,122,99,2.9,1.8,4.6,0.223,78831,6,0,0
Jewell Loyd,LVA,G,44,1245,13.4,0.536,0.506,0.614,0.166,4.6,6.7,10.7,2.2,0.8,10.4,18.7,106,107,1.6,1.2,2.8,0.091,249032,7,1,0
JJ Quinerly,DAL,G,34,539,13.2,0.529,0.481,0.287,0.239,3.7,6.7,24,2.7,1.2,20,20.9,99,111,0.2,0.2,0.4,0.027,66079,1,0,0
Jonquel Jones,NYL,C,31,830,20.3,0.611,0.577,0.408,0.297,6.7,17.5,18.3,0.9,3.6,15.8,22.9,111,100,1.9,1.6,3.6,0.172,209000,8,1,0
Jordin Canada,ATL,G,28,783,16.5,0.498,0.441,0.315,0.352,1.2,6.9,33.2,3.2,1,16.4,22.1,104,99,0.9,1.7,2.6,0.135,190000,8,1,0
Joyner Holmes,LVA,F,6,29,-4.4,0.292,0.292,0.417,0,8,12.1,0,0,0,14.3,22,61,110,-0.2,0,-0.1,-0.204,17223,6,1,0
Julie Allemand,LAS,G,34,963,11.5,0.547,0.528,0.635,0.119,1.6,7.9,25.7,2.4,0.1,24.1,10.2,110,111,1.2,0.4,1.5,0.064,85000,3,0,0
Julie Vanloo,TOT,G,35,449,3.5,0.429,0.41,0.829,0.09,1.1,4.2,24.1,1.7,0,29.8,16.7,79,111,-1,0.2,-0.9,-0.078,66079,2,1,0
Kahleah Copper,PHO,G-F,28,752,14.4,0.548,0.503,0.418,0.244,1.6,6.2,10.6,2,0.6,13.4,27.6,98,105,0.2,1,1.2,0.064,248134,8,1,0
Kaila Charles,TOT,G-F,35,616,13.8,0.532,0.487,0.383,0.261,8.5,14,9.9,2.4,1.1,15.3,18.2,103,104,0.5,0.9,1.4,0.091,55976,5,0,0
Kaitlyn Chen,GSV,G,24,247,4.6,0.452,0.43,0.3,0.14,2.4,5.2,16.6,1.1,0,25.3,13.4,85,108,-0.3,0.2,-0.1,-0.015,49420,1,0,0
Kalani Brown,PHO,C,29,370,18.8,0.664,0.63,0.083,0.365,10.9,18.1,7.4,1,4.6,17.1,16.3,119,100,1,0.7,1.7,0.187,128750,6,1,0
Kamiah Smalls,ATL,G,3,3,0,,,,,0,0,0,0,0,,0,,110,0,0,0,0.021,6774,3,0,0
Kamilla Cardoso,CHI,C,40,1102,19.8,0.565,0.53,0.005,0.315,12.7,18.2,17.8,0.7,4,16.8,23.5,107,110,1.9,0.6,2.5,0.091,78066,2,1,0
Kariata Diaby,CON,C,13,103,5.8,0.62,0.5,0,1,3.3,7.5,7.8,3,0.9,37.3,14.2,85,110,-0.1,0.1,-0.1,-0.031,27764,1,0,0
Karlie Samuelson,MIN,G,16,228,6.8,0.55,0.476,0.81,0.333,1.6,5.2,10.1,1.4,0.4,18.6,11.9,105,105,0.2,0.3,0.5,0.079,118450,6,1,0
Kate Martin,GSV,G,42,687,9.4,0.459,0.43,0.692,0.154,3.5,9.5,10.9,1.3,0.6,10.7,21.6,93,104,-0.4,1,0.6,0.032,68595,2,1,0
Kathryn Westbeld,PHO,F,43,792,10.5,0.482,0.456,0.609,0.149,4.3,7.9,7.6,2.3,2.9,9.5,14.4,100,103,0.3,1.3,1.6,0.08,66079,1,0,0
Kayla McBride,MIN,G,39,1220,16,0.584,0.536,0.61,0.245,1,4.3,17.1,2.1,0.2,12.4,20.4,113,104,2.9,1.7,4.6,0.152,205000,7,1,0
Kayla Thornton,GSV,F,22,662,15.1,0.493,0.435,0.514,0.297,7.2,13.6,9.8,2.3,0.8,10.3,24.5,101,100,0.4,1.3,1.7,0.105,132000,8,1,0
Kelsey Mitchell,IND,G,44,1381,19.9,0.574,0.536,0.408,0.275,1.6,3.4,19.6,1.4,0.5,9.1,27.7,114,109,4.5,1,5.6,0.161,269244,8,1,0
Kelsey Plum,LAS,G,43,1508,18.1,0.578,0.502,0.451,0.395,0.8,5.2,27.9,1.8,0.2,15.3,25.4,111,114,4.1,0,4.2,0.11,202000,8,1,0
Kennedy Burke,NYL,G-F,36,779,13.9,0.602,0.573,0.509,0.248,3.3,6.3,9.5,1.8,1.9,12.3,16.4,110,106,1.2,0.9,2.1,0.109,78831,6,1,0
Kia Nurse,CHI,G,44,962,7.1,0.496,0.459,0.625,0.213,2.2,6.3,9.6,0.8,0.2,14.7,17.4,95,117,-0.2,-0.4,-0.6,-0.025,145000,8,1,0
Kiah Stokes,LVA,C,40,514,7.2,0.404,0.382,0.451,0.157,6.6,16.4,4.7,1.7,2.4,22.7,6.3,92,102,-0.1,0.9,0.8,0.061,103000,8,1,0
Kiana Williams,PHO,G,11,107,11.9,0.539,0.538,0.65,0.1,0,5.9,16,1.4,0,12.6,20.1,100,106,0,0.1,0.2,0.06,33873,4,1,0
Kierstan Bell,LVA,F,35,427,10.3,0.455,0.435,0.669,0.097,5.4,8.5,8.7,1.7,2.3,9.6,19,95,106,-0.1,0.5,0.3,0.031,84543,4,1,0
Kiki Iriafen,WAS,F,44,1185,17.3,0.548,0.49,0.024,0.387,11.8,19.5,11.4,1.1,0.6,15.3,24.5,104,105,1.5,1.5,3,0.102,78831,1,0,0
Kitija Laksa,PHO,G,33,626,7.4,0.505,0.472,0.667,0.178,2,3.7,5.3,1,0.9,8.9,15.3,99,109,0.2,0.5,0.6,0.04,80000,1,0,0
Kyara Linskens,GSV,C,4,27,5,0.4,0.4,0.2,0,4.4,13,6.3,2,11.7,28.6,12.1,69,94,-0.1,0.1,0,0.017,14437,1,0,0
Kyra Lambert,IND,G,1,0,,,,,,,,,,,,,,,0,0,0,,3887,1,0,0
Laeticia Amihere,GSV,F,29,385,18.3,0.55,0.469,0.184,0.553,10.8,19,13.3,2.4,3.6,18.4,21,105,96,0.5,1,1.5,0.156,53307,3,1,0
Leïla Lacan,CON,G,25,665,15.9,0.548,0.511,0.307,0.193,2.9,5.3,26,4.3,0.6,16.6,19.4,104,109,0.7,0.5,1.2,0.07,72455,1,0,0
Leonie Fiebich,NYL,F,37,1041,12.1,0.646,0.604,0.543,0.281,2.7,7.3,9.7,1.7,1.2,15.3,13,115,106,1.8,1.3,3,0.117,68595,5,1,0
Lexi Held,PHO,G,32,471,9.8,0.489,0.463,0.555,0.134,2.6,4.1,12.2,2.5,1,13.9,19.3,94,105,-0.2,0.6,0.4,0.034,66079,1,0,0
Lexie Brown,SEA,G,24,227,8.5,0.487,0.458,0.771,0.208,1,4.5,14.5,2,0.4,10.3,11.8,103,106,0.1,0.3,0.4,0.069,96408,8,1,0
Lexie Hull,IND,G,44,1189,10.5,0.503,0.487,0.502,0.12,6.2,9.7,9.7,2.2,0.5,11.5,13.4,107,105,1.1,1.6,2.7,0.091,88261,4,1,0
Li Yueru,TOT,C,31,519,13.6,0.534,0.471,0.359,0.327,11.1,15.7,8.7,0.9,1.7,14.6,17.3,108,111,0.7,0.2,0.9,0.071,66079,3,1,0
Liatu King,TOT,F,14,136,8.4,0.565,0.5,0.222,0.556,10.6,12.7,4.5,0.7,0,24.7,14.6,99,115,0,0,0,0.005,21657,1,0,0
Lindsay Allen,CON,G,31,450,6.6,0.493,0.423,0.277,0.354,2.3,4.2,21.5,1.2,1.3,29.2,10.7,93,116,-0.2,-0.2,-0.3,-0.029,90000,7,1,0
Lucy Olsen,WAS,G,41,508,10.4,0.496,0.475,0.44,0.107,2.7,5.8,17,1.5,0.9,11.2,17,100,108,0.2,0.4,0.6,0.046,69267,1,0,0
Luisa Geiselsöder,DAL,C,28,628,12,0.522,0.511,0.525,0.061,4.2,12.2,11.1,1.8,2.9,13.2,14.7,102,110,0.4,0.4,0.8,0.048,66079,1,0,0
Mackenzie Holmes,SEA,F,10,58,14,0.714,0.714,0,0,6,9.3,5,4.4,1.5,0,5.5,156,98,0.1,0.1,0.3,0.191,48865,1,0,0
Maddy Siegrist,DAL,F,26,702,17.4,0.56,0.539,0.301,0.216,8.2,9.1,5.3,1.4,2,4.5,19.1,117,114,1.8,0,1.8,0.105,83371,3,1,0
Maddy Westbeld,CHI,F,26,354,10.4,0.478,0.443,0.41,0.152,7.1,10.3,10.9,1.9,1.9,12.5,16.3,100,112,0.1,0.1,0.2,0.028,69267,1,0,0
Madison Scott,WAS,G-F,9,47,8.4,0.549,0.455,0.091,0.364,2.6,1.3,7.2,2.2,0,7.3,13.5,113,110,0.1,0,0.1,0.086,16103,1,0,0
Makayla Timpson,IND,F-C,31,219,17.8,0.595,0.561,0,0.474,9.8,15.8,0.7,3,3.3,10.4,15.7,116,99,0.5,0.5,1,0.175,69267,1,0,0
Mamignan Touré,CON,G,18,147,5.1,0.462,0.462,0.564,0,3.1,2.8,10.3,2.5,0,17,14.5,87,115,-0.2,0,-0.2,-0.05,29430,1,0,0
Maria Kliundikova,MIN,F,34,373,19.6,0.539,0.531,0.195,0.164,14.1,16.3,8.1,3.5,6.4,14.4,19.7,106,94,0.5,1.1,1.6,0.175,54418,1,0,0
Marième Badiane,MIN,C,3,11,-18.2,0,0,0.333,0,11.1,5.4,0,9.5,0,40,20.9,15,89,-0.1,0,-0.1,-0.367,12216,1,0,0
Marina Mabrey,CON,G,35,1103,11.1,0.477,0.434,0.5,0.189,1.8,7.9,24.3,1.1,0.9,15.6,25.8,92,114,-1.1,-0.1,-1.1,-0.041,210000,7,1,0
Marine Johannes,NYL,G,44,803,10.6,0.54,0.526,0.75,0.075,2,6.1,14.2,1.6,1.4,16.6,18,96,106,-0.1,0.9,0.8,0.04,66079,5,0,0
Marquesha Davis,TOT,G,11,52,0.2,0.382,0.2,0.4,0.7,6.9,7.8,2.7,0,3.6,31.4,16.7,67,112,-0.2,0,-0.2,-0.143,40065,2,1,0
Maya Caldwell,ATL,G,41,760,12.7,0.542,0.526,0.564,0.103,5.2,9.9,15.2,2.6,0.8,16.4,14.7,107,100,0.8,1.5,2.4,0.125,66079,4,1,0
Megan DiLeo,LVA,C,20,226,5.6,0.472,0.465,0.684,0.263,4.1,9.3,3.4,0.7,2.3,8.6,14.1,96,107,0,0.2,0.2,0.032,96820,7,1,0
Megan McConnell,PHO,G,1,13,15.4,0.375,0.375,0.5,0,8.6,4.4,34.6,3.9,0,0,13.8,119,104,0,0,0.1,0.162,31096,1,0,0
Mercedes Russell,LAS,C,20,163,9.6,0.513,0.444,0,0.519,7.5,8.8,10.7,1.6,2.3,17.4,11,108,113,0.2,0,0.2,0.046,80672,7,1,0
Michaela Onyenwere,CHI,F,42,711,7.8,0.525,0.479,0.322,0.242,2.8,5.7,11.7,1.2,0.5,19.3,18.3,94,116,-0.3,-0.2,-0.5,-0.026,125000,5,1,0
Monique Akoa Makani,PHO,G,41,881,12.2,0.556,0.523,0.464,0.155,3.2,5.9,20.5,1.9,0.3,16.3,17.3,107,106,1.2,1,2.2,0.099,66079,1,0,0
Monique Billings,GSV,F,26,474,16.9,0.545,0.51,0.238,0.351,9.3,14.3,5.8,1.8,4.7,10.8,19.2,108,99,0.7,1,1.7,0.145,110000,6,1,0
Moriah Jefferson,CHI,G,5,35,9.6,0.438,0.438,0.375,0,0,8.4,41.8,0,0,20,12.8,104,116,0,0,0,0.017,145500,8,1,0
Murjanatu Musa,PHO,C,12,122,13.6,0.502,0.471,0.057,0.314,16.6,14.5,9.4,1.7,1.5,14.9,17.3,107,104,0.2,0.2,0.3,0.109,31096,1,0,0
Myisha Hines-Allen,DAL,F,40,882,13.8,0.529,0.482,0.241,0.333,7.2,15.6,21,1.8,1.9,23.4,18.4,98,109,0.1,0.6,0.8,0.034,203000,8,1,0
NaLyssa Smith,TOT,F,45,956,13.1,0.544,0.517,0.101,0.404,8.8,14,5.7,1.3,2.8,14,17.1,105,107,0.9,1,1.9,0.081,91981,4,1,0
Napheesa Collier,MIN,F,33,1065,30.2,0.636,0.579,0.239,0.33,7.1,13.5,18.2,2.7,4.3,10.6,28.6,123,96,5.5,2.7,8.3,0.31,214284,7,1,1
Natasha Cloud,NYL,G,41,1191,14.2,0.546,0.507,0.441,0.198,1.5,7.4,28.9,2.1,1.1,16.9,17.7,108,104,1.8,1.7,3.5,0.117,200000,7,1,0
Natasha Howard,IND,F,44,1060,19.3,0.595,0.561,0.091,0.365,9.7,16.6,10.5,2.5,2.1,16.8,21.4,109,100,2.1,2.1,4.2,0.157,214466,8,1,0
Natasha Mack,PHO,F-C,34,623,19.5,0.569,0.573,0.032,0.29,14.1,18.1,7.7,2.5,7.9,9.7,11.2,125,96,1.6,1.7,3.2,0.207,116079,3,1,0
Natisha Hiedeman,MIN,G,44,833,17.9,0.593,0.567,0.404,0.218,1.6,5.9,23.8,2,1,13.8,21.5,114,103,2.2,1.3,3.5,0.169,135000,7,1,0
Naz Hillmon,ATL,F,44,1122,15.8,0.583,0.552,0.55,0.197,7.4,14.3,15,1,1.4,13.3,15.4,118,102,2.7,2,4.8,0.17,80823,4,1,0
Nia Coffey,ATL,F,44,455,14.1,0.503,0.456,0.558,0.34,6.9,14.8,16.1,1.2,3.4,15.1,20.1,103,99,0.4,1,1.4,0.121,150000,6,1,0
Nneka Ogwumike,SEA,F,44,1359,21.8,0.6,0.572,0.292,0.191,5.1,13.7,13.5,1.9,1.2,11.3,25.4,110,102,3.3,2.4,5.7,0.168,195000,9,1,0
Nyara Sabally,NYL,F,17,305,13.5,0.529,0.493,0.092,0.329,10.9,14.6,6.9,1.5,5.1,15.5,15.6,104,101,0.3,0.6,0.8,0.109,79999,3,1,0
Odyssey Sims,TOT,G,24,671,11.8,0.506,0.463,0.298,0.256,1.8,5.1,21.1,1.3,0.1,12.1,18.2,106,112,0.8,0.2,1,0.06,76482,7,1,0
Olivia Nelson-Ododa,CON,C,37,800,17.2,0.578,0.528,0.009,0.516,8.6,13.7,7.8,1.8,5.2,13.2,17.3,111,109,1.5,0.6,2.1,0.104,80823,4,1,0
Paige Bueckers,DAL,G,36,1199,22.1,0.567,0.513,0.217,0.28,2.3,6.8,30.2,2.4,1.4,10.6,24.7,115,112,4,0.4,4.4,0.147,78831,1,0,0
Rachel Banham,CHI,G,44,1081,10.6,0.544,0.509,0.713,0.175,0.7,4,18.9,1.3,1,16.3,18.1,103,116,0.9,-0.3,0.5,0.02,95000,8,1,0
Rae Burrell,LAS,G-F,28,515,13,0.531,0.494,0.376,0.264,4.3,7.6,10.8,1.6,1.1,11.2,19.4,104,113,0.5,0,0.6,0.045,137500,4,1,0
Rayah Marshall,CON,C-F,15,90,7.1,0.4,0.346,0.038,0.462,8.9,17.2,7.6,1.2,3.2,18.3,19.3,80,109,-0.2,0.1,-0.2,-0.073,69267,1,0,0
Rebecca Allen,CHI,F-G,44,821,7.9,0.444,0.429,0.55,0.129,2.3,8.1,11.5,1.5,2.6,13.3,16,90,112,-0.6,0.2,-0.5,-0.022,160000,8,1,0
Rebekah Gardner,NYL,G,41,502,12.5,0.624,0.591,0.382,0.245,6.6,8.5,7.9,2.6,1.3,15.9,13.4,114,104,0.8,0.7,1.6,0.125,66079,3,0,0
Rhyne Howard,ATL,G,33,1151,18.2,0.524,0.477,0.635,0.236,3.3,7.6,22.6,2.3,2,9.1,24.2,111,100,2.8,2.3,5.1,0.177,91981,4,1,0
Rickea Jackson,LAS,F,38,1173,12.3,0.53,0.492,0.387,0.203,4,6.2,9.3,1,1.1,12.9,23,100,115,0.5,-0.2,0.3,0.009,78066,2,1,0
Robyn Parks,CON,F,6,63,1.1,0.2,0.2,0.8,0,1.8,8.5,4.7,1.7,0,16.7,4.3,59,113,-0.1,0,-0.1,-0.046,11106,2,0,0
Sabrina Ionescu,NYL,G,38,1194,20.4,0.537,0.472,0.473,0.284,3.1,9,33,2.1,1.2,13.4,28.9,107,104,2.6,1.7,4.3,0.145,222060,6,1,0
Sami Whitcomb,PHO,G,43,1027,11.4,0.544,0.513,0.71,0.161,1.8,6.3,17,1.6,0.6,15.7,18.6,102,106,0.7,1.2,1.9,0.074,125000,8,1,0
Sania Feagin,LAS,F,16,77,0.2,0.346,0.357,0.143,0.071,4.8,8.5,8.2,0,7.2,19.5,20.8,66,112,-0.4,0,-0.3,-0.179,69267,1,0,0
Saniya Rivers,CON,G,42,1097,13.6,0.495,0.468,0.361,0.169,3,6.4,18.4,2.9,3.4,14.2,18.1,98,110,0.1,0.6,0.7,0.026,75643,1,0,0
Sarah Ashlee Barker,LAS,G,34,481,4.1,0.458,0.423,0.587,0.231,2.5,8.2,9.4,1.2,0.8,24.4,14.1,81,113,-0.8,0,-0.8,-0.064,72455,1,0,0
Satou Sabally,PHO,F,39,1039,19.5,0.533,0.469,0.406,0.359,5.8,12.7,17.4,2.4,1.2,11.4,29.2,105,101,1.8,2,3.8,0.147,215000,6,1,0
Serena Sundell,DAL,G,3,22,-9.6,0,0,1,0,0,2.6,0,0,0,66.7,5.9,0,119,-0.1,0,-0.1,-0.211,5136,1,0,0
Sevgi Uzun,TOT,G,25,439,2.7,0.382,0.353,0.316,0.168,0.3,4.1,22.5,1.5,0.6,29.6,14.8,74,113,-1.2,0,-1.2,-0.105,36649,2,1,0
Shakira Austin,WAS,C,38,874,18.4,0.506,0.467,0.036,0.355,8,17,16.3,2.4,4.7,16.2,29.9,93,100,-0.8,1.8,1.1,0.049,91981,4,1,0
Shatori Walker-Kimbrough,ATL,G,41,354,7.8,0.523,0.5,0.492,0.175,1,6.2,9.2,1.5,2.7,18.1,10.8,97,102,0,0.6,0.6,0.072,150000,9,1,0
Shey Peddy,TOT,G,15,265,12.1,0.653,0.636,0.636,0.164,3.2,5.7,17.5,1.2,0,18.1,12.2,121,112,0.6,0.1,0.7,0.099,25338,6,0,0
Sika Koné,TOT,F,19,85,7,0.487,0.341,0.227,0.591,4.3,13.7,11.3,0,0,17.8,18.3,95,108,0,0.1,0,0.02,82258,3,1,0
Skylar Diggins,SEA,G,43,1343,18.8,0.536,0.481,0.315,0.351,2.3,4.8,31.8,2,2.3,12.8,24.3,108,105,2.9,1.8,4.6,0.138,214466,10,1,0
Sonia Citron,WAS,G,44,1415,16.4,0.609,0.556,0.384,0.314,2.5,7.6,13.6,2,1.2,14.4,20.5,110,106,2.7,1.5,4.2,0.119,78831,1,0,0
Sophie Cunningham,IND,G,30,756,12.8,0.655,0.614,0.674,0.274,2.4,8.4,7.1,2,0.4,14.8,13.6,118,105,1.5,1,2.5,0.13,100000,7,1,0
Stefanie Dolson,WAS,C,43,653,8.5,0.534,0.518,0.528,0.141,3,9.1,14.9,1,2.1,16.1,12.7,102,107,0.3,0.6,1,0.059,170000,8,1,0
Stephanie Talbot,TOT,F,38,541,9.2,0.481,0.452,0.538,0.269,5.8,10.9,19.5,1.8,1,25.6,13.4,95,103,-0.1,0.8,0.7,0.054,160110,8,1,0
Sug Sutton,WAS,G,43,1122,9.8,0.523,0.496,0.422,0.17,0.9,4.2,25,1.5,0.3,21.5,15.9,96,109,-0.1,0.7,0.7,0.023,93831,4,1,0
Sydney Colson,IND,G,30,404,5.8,0.449,0.428,0.618,0.092,2.1,3.8,20.7,1.9,1.4,30.7,12.7,86,107,-0.4,0.4,0,-0.004,76535,5,1,0
Taylor Thierry,ATL,G-F,17,36,5.5,0.235,0.227,0.273,0.364,6.7,9.8,8,5.8,0,7.3,17.6,65,94,-0.1,0.1,0,-0.045,66079,1,0,0
Teaira McCowan,DAL,C,17,219,20.3,0.596,0.545,0.03,0.433,15.1,20.4,7.8,1.2,5.2,16.7,19,113,108,0.5,0.2,0.7,0.127,201400,7,1,0
Te-Hina PaoPao,ATL,G,43,720,13.1,0.559,0.557,0.606,0.06,1.7,5.7,23.7,1.5,1.1,16.4,17.1,108,104,1,1.1,2.1,0.115,69267,1,0,0
Temi Fagbenle,GSV,C,39,925,12.9,0.544,0.526,0.249,0.145,9,12,12.5,2,2.6,18,16.3,103,101,0.7,1.7,2.4,0.103,90000,4,1,0
Tiffany Hayes,GSV,G,26,700,14.1,0.557,0.504,0.426,0.338,3.1,8.4,21.2,1.1,0.6,15.3,21.4,107,105,1.1,0.9,1.9,0.111,200000,8,1,1
Tiffany Mitchell,TOT,G,39,510,5.9,0.514,0.446,0.294,0.461,2.5,4.9,3.5,1.4,1.4,16.4,13.1,93,108,-0.2,0.5,0.3,0.022,83186,8,1,0
Tina Charles,CON,C,43,1222,17.7,0.515,0.449,0.078,0.331,5.8,12.1,12.7,1.4,1.5,10.8,28.3,102,112,1.1,0.3,1.5,0.048,170000,7,1,0
Tyasha Harris,DAL,G,5,82,13.7,0.609,0.583,0.611,0.111,1.3,3.5,24.2,1.2,2.3,13.7,11.6,125,115,0.2,0,0.2,0.095,100013,6,1,0
Veronica Burton,GSV,G,44,1292,19.3,0.561,0.466,0.46,0.491,4.6,8.7,37.6,2.1,2.2,16.7,20.3,117,102,4.2,2.2,6.4,0.198,103831,4,1,0
Yvonne Anderson,MIN,G,1,12,1.2,0,0,0.333,0,0,5,20.8,8.7,0,0,11.5,44,88,-0.1,0,0,-0.034,92774,2,0,0
Zia Cooke,SEA,G,26,261,5.6,0.478,0.446,0.452,0.274,2.7,3.2,8.1,2,0.3,18.9,20.4,83,107,-0.5,0.3,-0.3,-0.043,79961,3,1,0
